{
    "total_runtime": 18.176565647125244,
    "num_documents": 1,
    "input_load_time": 0,
    "workflows": {
        "create_base_text_units": {
            "overall": 0.08316397666931152
        },
        "create_final_documents": {
            "overall": 0.047205448150634766
        },
        "extract_graph": {
            "overall": 2.6676173210144043
        },
        "finalize_graph": {
            "overall": 0.06331634521484375
        },
        "create_communities": {
            "overall": 0.08213663101196289
        },
        "create_final_text_units": {
            "overall": 0.07362651824951172
        },
        "create_community_reports": {
            "overall": 11.386088371276855
        },
        "generate_text_embeddings": {
            "overall": 3.729700803756714
        }
    }
}