{
    "total_runtime": 61.3642783164978,
    "num_documents": 1,
    "input_load_time": 0,
    "workflows": {
        "create_base_text_units": {
            "overall": 0.04630589485168457
        },
        "create_final_documents": {
            "overall": 0.04903602600097656
        },
        "extract_graph": {
            "overall": 30.944824695587158
        },
        "finalize_graph": {
            "overall": 0.07848453521728516
        },
        "create_communities": {
            "overall": 0.10020637512207031
        },
        "create_final_text_units": {
            "overall": 0.0908207893371582
        },
        "create_community_reports": {
            "overall": 24.212326526641846
        },
        "generate_text_embeddings": {
            "overall": 5.816141128540039
        }
    }
}