{
    "total_runtime": 48.032140493392944,
    "num_documents": 1,
    "input_load_time": 0,
    "workflows": {
        "create_base_text_units": {
            "overall": 0.05761837959289551
        },
        "create_final_documents": {
            "overall": 0.0874333381652832
        },
        "extract_graph": {
            "overall": 20.563308000564575
        },
        "finalize_graph": {
            "overall": 0.2752647399902344
        },
        "create_communities": {
            "overall": 0.14102864265441895
        },
        "create_final_text_units": {
            "overall": 0.12044501304626465
        },
        "create_community_reports": {
            "overall": 21.457043409347534
        },
        "generate_text_embeddings": {
            "overall": 5.284607648849487
        }
    }
}