{
    "total_runtime": 97.31325626373291,
    "num_documents": 1,
    "input_load_time": 0,
    "workflows": {
        "create_base_text_units": {
            "overall": 4.58022928237915,
            "0_orderby": 0.005072355270385742,
            "1_zip": 0.0035865306854248047,
            "2_aggregate_override": 0.008156061172485352,
            "3_chunk": 4.511364698410034,
            "4_select": 0.001909017562866211,
            "5_unroll": 0.010993719100952148,
            "6_rename": 0.003644227981567383,
            "7_genid": 0.005101919174194336,
            "8_unzip": 0.005106687545776367,
            "9_copy": 0.004676342010498047,
            "10_filter": 0.016786575317382812
        },
        "create_base_extracted_entities": {
            "overall": 45.04824686050415,
            "0_entity_extract": 45.013954639434814,
            "1_snapshot": 0.0,
            "2_merge_graphs": 0.021435022354125977,
            "3_snapshot_rows": 0.0070438385009765625
        },
        "create_final_covariates": {
            "overall": 26.778563022613525,
            "0_extract_covariates": 26.719785451889038,
            "1_window": 0.005055904388427734,
            "2_genid": 0.004883289337158203,
            "3_convert": 0.01846146583557129,
            "4_rename": 0.01201939582824707,
            "5_select": 0.010407209396362305
        },
        "create_summarized_entities": {
            "overall": 2.049668788909912,
            "0_summarize_descriptions": 2.035245656967163,
            "1_snapshot_rows": 0.008631467819213867
        },
        "create_base_entity_graph": {
            "overall": 0.061945199966430664,
            "0_cluster_graph": 0.0228884220123291,
            "1_snapshot_rows": 0.011748075485229492,
            "2_snapshot_rows": 0.011215448379516602,
            "3_select": 0.008948087692260742
        },
        "create_final_entities": {
            "overall": 1.9929840564727783,
            "0_unpack_graph": 0.014058113098144531,
            "1_rename": 0.010422229766845703,
            "2_select": 0.009834051132202148,
            "3_dedupe": 0.017386913299560547,
            "4_rename": 0.00837850570678711,
            "5_filter": 0.02959752082824707,
            "6_text_split": 0.013906002044677734,
            "7_drop": 0.01081085205078125,
            "8_merge": 0.015348434448242188,
            "9_text_embed": 1.8165786266326904,
            "10_drop": 0.013490676879882812,
            "11_filter": 0.027996540069580078
        },
        "create_final_nodes": {
            "overall": 0.25166940689086914,
            "0_layout_graph": 0.028072595596313477,
            "1_unpack_graph": 0.016964197158813477,
            "2_unpack_graph": 0.014284610748291016,
            "3_filter": 0.028502702713012695,
            "4_drop": 0.017822742462158203,
            "5_select": 0.009652137756347656,
            "6_snapshot": 0.014730215072631836,
            "7_rename": 0.018933534622192383,
            "8_convert": 0.05038595199584961,
            "9_join": 0.026190757751464844,
            "10_rename": 0.015448331832885742
        },
        "create_final_communities": {
            "overall": 0.05724596977233887,
            "0_create_final_communities": 0.04116082191467285
        },
        "create_final_relationships": {
            "overall": 0.06526589393615723,
            "0_create_final_relationships_pre_embedding": 0.02187967300415039,
            "1_create_final_relationships_post_embedding": 0.026321887969970703
        },
        "create_final_text_units": {
            "overall": 0.06087827682495117,
            "0_create_final_text_units_pre_embedding": 0.021604299545288086,
            "1_select": 0.02083611488342285
        },
        "create_final_community_reports": {
            "overall": 13.470207691192627,
            "0_prepare_community_reports_nodes": 0.017866849899291992,
            "1_prepare_community_reports_edges": 0.020339012145996094,
            "2_prepare_community_reports_claims": 0.01939249038696289,
            "3_restore_community_hierarchy": 0.01714301109313965,
            "4_prepare_community_reports": 0.04328274726867676,
            "5_create_community_reports": 13.32178807258606,
            "6_window": 0.020147085189819336
        },
        "create_base_documents": {
            "overall": 0.20888590812683105,
            "0_unroll": 0.023097991943359375,
            "1_select": 0.018749237060546875,
            "2_rename": 0.016119003295898438,
            "3_join": 0.019072771072387695,
            "4_aggregate_override": 0.019675731658935547,
            "5_join": 0.030466556549072266,
            "6_rename": 0.019181251525878906,
            "7_convert": 0.044602155685424805
        },
        "create_final_documents": {
            "overall": 0.04051685333251953,
            "0_rename": 0.017592191696166992
        }
    }
}