{
    "total_runtime": 87.3576545715332,
    "num_documents": 1,
    "input_load_time": 0,
    "workflows": {
        "create_base_text_units": {
            "overall": 0.04823422431945801
        },
        "create_final_documents": {
            "overall": 0.11564111709594727
        },
        "extract_graph": {
            "overall": 27.97432017326355
        },
        "finalize_graph": {
            "overall": 0.08640813827514648
        },
        "create_communities": {
            "overall": 0.12331342697143555
        },
        "create_final_text_units": {
            "overall": 0.11062860488891602
        },
        "create_community_reports": {
            "overall": 52.78363251686096
        },
        "generate_text_embeddings": {
            "overall": 6.074670791625977
        }
    }
}